season,team,old_name,new_name,cricsheet_id,method,votes,total_votes,vote_share
2008,Rajasthan Royals,Niraj Patel,NK Patel,a2870fb7,Kaggle vs Cricsheet ball alignment,142,142,100.0
2009,Rajasthan Royals,Niraj Patel,NK Patel,a2870fb7,Kaggle vs Cricsheet ball alignment,77,77,100.0
2018,Chennai Super Kings,D Shorey,DR Shorey,faa7365d,Kaggle vs Cricsheet ball alignment,24,24,100.0
2018,Chennai Super Kings,D Willey,DJ Willey,7f048519,Kaggle vs Cricsheet ball alignment,61,61,100.0
2018,Chennai Super Kings,M Wood,MA Wood,8d92a2c3,Kaggle vs Cricsheet ball alignment,37,37,100.0
2018,Delhi Daredevils,Ankit Sharma,Abhishek Sharma,f29185a1,Kaggle vs Cricsheet ball alignment,58,58,100.0
2018,Delhi Daredevils,J Dala,CJ Dala,1cb14aa4,Kaggle vs Cricsheet ball alignment,19,19,100.0
2018,Delhi Daredevils,L Plunkett,LE Plunkett,9a963804,Kaggle vs Cricsheet ball alignment,161,161,100.0
2018,Delhi Daredevils,P Shaw,PP Shaw,8b3e9c7c,Kaggle vs Cricsheet ball alignment,293,293,100.0
2018,Kings XI Punjab,M Ur Rahman,Mujeeb Ur Rahman,7d92277a,Kaggle vs Cricsheet ball alignment,270,270,100.0
2018,Kolkata Knight Riders,J Searles,JPR Scantlebury-Searles,99ed60f8,Kaggle vs Cricsheet ball alignment,66,66,100.0
2018,Kolkata Knight Riders,P Krishna,M Prasidh Krishna,85e0cf10,Kaggle vs Cricsheet ball alignment,188,188,100.0
2018,Kolkata Knight Riders,R Singh,RK Singh,0a509d6b,Kaggle vs Cricsheet ball alignment,57,57,100.0
2018,Kolkata Knight Riders,S Gill,Shubman Gill,b4b99816,Kaggle vs Cricsheet ball alignment,325,325,100.0
2018,Kolkata Knight Riders,S Mavi,Shivam Mavi,c38d3503,Kaggle vs Cricsheet ball alignment,212,212,100.0
2018,Kolkata Knight Riders,T Curran,TK Curran,e86754b2,Kaggle vs Cricsheet ball alignment,135,135,100.0
2018,Mumbai Indians,AS Yadav,SA Yadav,271f83cd,Kaggle vs Cricsheet ball alignment,786,786,100.0
2018,Rajasthan Royals,D Short,DJM Short,1a156c88,Kaggle vs Cricsheet ball alignment,223,223,100.0
2018,Rajasthan Royals,I Sodhi,IS Sodhi,641ac5ff,Kaggle vs Cricsheet ball alignment,154,154,100.0
2018,Rajasthan Royals,J Archer,JC Archer,5574750c,Kaggle vs Cricsheet ball alignment,294,294,100.0
2018,Rajasthan Royals,M Lomror,MK Lomror,da934ee8,Kaggle vs Cricsheet ball alignment,58,58,100.0
2018,Royal Challengers Bangalore,M Ali,MM Ali,bb351c23,Kaggle vs Cricsheet ball alignment,163,163,100.0
2018,Sunrisers Hyderabad,A Hales,AD Hales,92aeac25,Kaggle vs Cricsheet ball alignment,233,233,100.0
2018,Sunrisers Hyderabad,K Ahmed,KK Ahmed,a2f46292,Kaggle vs Cricsheet ball alignment,19,19,100.0
2018,Sunrisers Hyderabad,R Bhui,RK Bhui,b63e358a,Kaggle vs Cricsheet ball alignment,5,5,100.0
2019,Chennai Super Kings,D Shorey,DR Shorey,faa7365d,Kaggle vs Cricsheet ball alignment,19,19,100.0
2019,Chennai Super Kings,M Santner,MJ Santner,e4a0deae,Kaggle vs Cricsheet ball alignment,131,131,100.0
2019,Chennai Super Kings,S Kuggeleijn,SC Kuggeleijn,fef92afc,Kaggle vs Cricsheet ball alignment,50,50,100.0
2019,Delhi Capitals,C Ingram,CA Ingram,c995d726,Kaggle vs Cricsheet ball alignment,263,263,100.0
2019,Delhi Capitals,H Vihari,GH Vihari,94253925,Kaggle vs Cricsheet ball alignment,25,25,100.0
2019,Delhi Capitals,K Paul,KMA Paul,75224f22,Kaggle vs Cricsheet ball alignment,232,232,100.0
2019,Delhi Capitals,P Shaw,PP Shaw,8b3e9c7c,Kaggle vs Cricsheet ball alignment,553,553,100.0
2019,Delhi Capitals,S Rutherford,SE Rutherford,d014d5ac,Kaggle vs Cricsheet ball alignment,142,142,100.0
2019,Kings XI Punjab,A Singh,Arshdeep Singh,244048f6,Kaggle vs Cricsheet ball alignment,65,65,100.0
2019,Kings XI Punjab,H Brar,Harpreet Brar,c05edf8e,Kaggle vs Cricsheet ball alignment,53,53,100.0
2019,Kings XI Punjab,H Viljoen,GC Viljoen,a316d663,Kaggle vs Cricsheet ball alignment,160,160,100.0
2019,Kings XI Punjab,M Ur Rahman,Mujeeb Ur Rahman,7d92277a,Kaggle vs Cricsheet ball alignment,133,133,100.0
2019,Kings XI Punjab,S Curran,SM Curran,e94915e6,Kaggle vs Cricsheet ball alignment,299,299,100.0
2019,Kings XI Punjab,S Singh,P Simran Singh,9418198b,Kaggle vs Cricsheet ball alignment,39,39,100.0
2019,Kings XI Punjab,V Chakravarthy,CV Varun,5b7ab5a9,Kaggle vs Cricsheet ball alignment,18,18,100.0
2019,Kolkata Knight Riders,H Gurney,HF Gurney,e412cb64,Kaggle vs Cricsheet ball alignment,191,191,100.0
2019,Kolkata Knight Riders,J Denly,JL Denly,bdadf7da,Kaggle vs Cricsheet ball alignment,1,1,100.0
2019,Kolkata Knight Riders,L Ferguson,LH Ferguson,2f9d0389,Kaggle vs Cricsheet ball alignment,107,107,100.0
2019,Kolkata Knight Riders,N Naik,NS Naik,aedc3b7c,Kaggle vs Cricsheet ball alignment,23,23,100.0
2019,Kolkata Knight Riders,P Krishna,M Prasidh Krishna,85e0cf10,Kaggle vs Cricsheet ball alignment,260,260,100.0
2019,Kolkata Knight Riders,P Raj,Y Prithvi Raj,cfa4bd2b,Kaggle vs Cricsheet ball alignment,40,40,100.0
2019,Kolkata Knight Riders,R Singh,RK Singh,0a509d6b,Kaggle vs Cricsheet ball alignment,83,83,100.0
2019,Kolkata Knight Riders,S Gill,Shubman Gill,b4b99816,Kaggle vs Cricsheet ball alignment,538,538,100.0
2019,Kolkata Knight Riders,S Warrier,S Sandeep Warrier,cdc6bdba,Kaggle vs Cricsheet ball alignment,73,73,100.0
2019,Mumbai Indians,A Joseph,AS Joseph,b0946605,Kaggle vs Cricsheet ball alignment,96,96,100.0
2019,Mumbai Indians,A Roy,AS Roy,e4cdf230,Kaggle vs Cricsheet ball alignment,15,15,100.0
2019,Mumbai Indians,AS Yadav,SA Yadav,271f83cd,Kaggle vs Cricsheet ball alignment,655,657,99.7
2019,Mumbai Indians,J Behrendorff,JP Behrendorff,4933f499,Kaggle vs Cricsheet ball alignment,117,117,100.0
2019,Mumbai Indians,R Salam,Rasikh Salam,b8527c3d,Kaggle vs Cricsheet ball alignment,33,33,100.0
2019,Rajasthan Royals,A Turner,AJ Turner,ff1e12a0,Kaggle vs Cricsheet ball alignment,25,25,100.0
2019,Rajasthan Royals,I Sodhi,IS Sodhi,641ac5ff,Kaggle vs Cricsheet ball alignment,72,72,100.0
2019,Rajasthan Royals,J Archer,JC Archer,5574750c,Kaggle vs Cricsheet ball alignment,351,351,100.0
2019,Rajasthan Royals,L Livingstone,LS Livingstone,50c6bc2b,Kaggle vs Cricsheet ball alignment,110,110,100.0
2019,Rajasthan Royals,M Lomror,MK Lomror,da934ee8,Kaggle vs Cricsheet ball alignment,9,9,100.0
2019,Royal Challengers Bangalore,M Ali,MM Ali,bb351c23,Kaggle vs Cricsheet ball alignment,384,384,100.0
2019,Royal Challengers Bangalore,N Saini,Navdeep Saini,21d4e29b,Kaggle vs Cricsheet ball alignment,304,304,100.0
2019,Royal Challengers Bangalore,P R Barman,P Ray Barman,441c72ae,Kaggle vs Cricsheet ball alignment,71,71,100.0
2019,Royal Challengers Bangalore,S Hetmyer,SO Hetmyer,48a1d7b7,Kaggle vs Cricsheet ball alignment,148,148,100.0
2019,Sunrisers Hyderabad,Ankit Sharma,Abhishek Sharma,f29185a1,Kaggle vs Cricsheet ball alignment,35,35,100.0
2019,Sunrisers Hyderabad,J Bairstow,JM Bairstow,abb83e27,Kaggle vs Cricsheet ball alignment,593,593,100.0
2019,Sunrisers Hyderabad,K Ahmed,KK Ahmed,a2f46292,Kaggle vs Cricsheet ball alignment,223,223,100.0
2019,Sunrisers Hyderabad,R Bhui,RK Bhui,b63e358a,Kaggle vs Cricsheet ball alignment,23,23,100.0
2019,Sunrisers Hyderabad,S Sharma,Sandeep Sharma,ce820073,Kaggle vs Cricsheet ball alignment,274,274,100.0
2023,Rajasthan Royals,NA Saini,Navdeep Saini,21d4e29b,"same Cricsheet ID, different spelling",1,34,
2024,Lucknow Super Giants,Arshad Khan (2),Arshad Khan,12314277,"same Cricsheet ID, different spelling",1,27,
2026,Sunrisers Hyderabad,Salil Arora,S Arora,d7423da1,"same Cricsheet ID, different spelling",1,14,
