model,bin,matches,predicted_pct,actual_pct
Gradient boosting,50-55%,243,52.3,51.9
Gradient boosting,55-60%,120,57.0,45.0
Gradient boosting,60-65%,36,61.9,47.2
Gradient boosting,65%+,23,72.5,52.2
Logistic regression,50-55%,215,52.5,50.2
Logistic regression,55-60%,135,57.5,49.6
Logistic regression,60-65%,54,61.9,40.7
Logistic regression,65%+,18,67.7,55.6
Model A,50-55%,251,52.5,52.2
Model A,55-60%,127,57.0,49.6
Model A,60-65%,42,61.6,47.6
Model A,65%+,2,67.6,100.0
Model B,50-55%,244,52.3,53.3
Model B,55-60%,129,57.2,49.6
Model B,60-65%,37,62.4,35.1
Model B,65%+,12,70.7,58.3
