model,season,matches,accuracy_pct,log_loss,brier
Model A,2021-2026,422,51.2,0.7001,0.2534
Model A,2021,60,61.7,0.6864,0.2466
Model A,2022,74,41.9,0.7149,0.2608
Model A,2023,73,58.9,0.682,0.2445
Model A,2024,71,47.9,0.7139,0.2602
Model A,2025,71,40.8,0.7181,0.2624
Model A,2026,73,57.5,0.6838,0.2453
Logistic regression,2021-2026,422,49.1,0.7074,0.257
Logistic regression,2021,60,48.3,0.6888,0.248
Logistic regression,2022,74,52.7,0.6979,0.2523
Logistic regression,2023,73,42.5,0.7477,0.2766
Logistic regression,2024,71,60.6,0.6737,0.2403
Logistic regression,2025,71,40.8,0.7312,0.2687
Logistic regression,2026,73,49.3,0.7019,0.2543
Gradient boosting,2021-2026,422,49.5,0.7047,0.2557
Gradient boosting,2021,60,48.3,0.7223,0.2641
Gradient boosting,2022,74,45.9,0.7025,0.254
Gradient boosting,2023,73,42.5,0.7325,0.27
Gradient boosting,2024,71,50.7,0.6908,0.2488
Gradient boosting,2025,71,50.7,0.7075,0.2572
Gradient boosting,2026,73,58.9,0.6754,0.2417
Model B,2021-2026,422,50.7,0.7039,0.2553
Model B,2021,60,48.3,0.7026,0.2549
Model B,2022,74,55.4,0.6987,0.2526
Model B,2023,73,43.8,0.738,0.2722
Model B,2024,71,54.9,0.6797,0.2433
Model B,2025,71,45.1,0.7185,0.2625
Model B,2026,73,56.2,0.6853,0.2462
Random guess (50%),2021-2026,422,50.0,0.6931,0.25
