award,rank,player,form,measure
Orange Cap (most runs),1,DA Warner,679.2,runs
Orange Cap (most runs),2,KL Rahul,620.4,runs
Orange Cap (most runs),3,RR Pant,537.0,runs
Orange Cap (most runs),4,S Dhawan,508.3,runs
Orange Cap (most runs),5,V Kohli,461.2,runs
Purple Cap (most wickets),1,K Rabada,20.2,wickets
Purple Cap (most wickets),2,JJ Bumrah,18.5,wickets
Purple Cap (most wickets),3,Rashid Khan,18.3,wickets
Purple Cap (most wickets),4,Imran Tahir,18.0,wickets
Purple Cap (most wickets),5,S Gopal,16.4,wickets
Most sixes,1,AD Russell,43.0,sixes
Most sixes,2,RR Pant,29.8,sixes
Most sixes,3,CH Gayle,28.3,sixes
Most sixes,4,KL Rahul,27.8,sixes
Most sixes,5,AB de Villiers,25.7,sixes
Most Player of the Match awards,1,AD Russell,2.8,awards
Most Player of the Match awards,2,AB de Villiers,2.4,awards
Most Player of the Match awards,3,SR Watson,2.4,awards
Most Player of the Match awards,4,HH Pandya,2.2,awards
Most Player of the Match awards,5,Rashid Khan,2.2,awards
