award,player,predicted,measure,rank,team
Orange Cap (most runs),B Sai Sudharsan,596.3,runs,1,Gujarat Titans
Orange Cap (most runs),Shubman Gill,585.6,runs,2,Gujarat Titans
Orange Cap (most runs),V Kohli,577.4,runs,3,Royal Challengers Bengaluru
Orange Cap (most runs),V Suryavanshi,507.5,runs,4,Rajasthan Royals
Orange Cap (most runs),KL Rahul,494.7,runs,5,Delhi Capitals
Purple Cap (most wickets),B Kumar,14.4,wickets,1,Royal Challengers Bengaluru
Purple Cap (most wickets),JR Hazlewood,13.2,wickets,2,Royal Challengers Bengaluru
Purple Cap (most wickets),Mohammed Siraj,13.2,wickets,3,Gujarat Titans
Purple Cap (most wickets),Arshdeep Singh,13.1,wickets,4,Punjab Kings
Purple Cap (most wickets),E Malinga,12.7,wickets,5,Sunrisers Hyderabad
Most sixes,V Suryavanshi,42.6,sixes,1,Rajasthan Royals
Most sixes,Abhishek Sharma,30.2,sixes,2,Sunrisers Hyderabad
Most sixes,MR Marsh,26.9,sixes,3,Lucknow Super Giants
Most sixes,SS Iyer,26.2,sixes,4,Punjab Kings
Most sixes,RM Patidar,26.0,sixes,5,Royal Challengers Bengaluru
Most Player of the Match awards,Shubman Gill,1.5,awards,1,Gujarat Titans
Most Player of the Match awards,V Kohli,1.5,awards,2,Royal Challengers Bengaluru
Most Player of the Match awards,B Sai Sudharsan,1.4,awards,3,Gujarat Titans
Most Player of the Match awards,V Suryavanshi,1.4,awards,4,Rajasthan Royals
Most Player of the Match awards,Ishan Kishan,1.3,awards,5,Sunrisers Hyderabad
